[
{
    "model": "admin.logentry",
    "pk": 1,
    "fields": {
        "action_time": "2023-10-20T21:34:12.750Z",
        "user": 1,
        "content_type": 7,
        "object_id": "1",
        "object_repr": "one",
        "action_flag": 1,
        "change_message": "[{\"added\": {}}]"
    }
},
{
    "model": "admin.logentry",
    "pk": 2,
    "fields": {
        "action_time": "2023-10-20T21:36:43.257Z",
        "user": 1,
        "content_type": 7,
        "object_id": "2",
        "object_repr": "two",
        "action_flag": 1,
        "change_message": "[{\"added\": {}}]"
    }
},
{
    "model": "admin.logentry",
    "pk": 3,
    "fields": {
        "action_time": "2023-10-20T21:37:03.746Z",
        "user": 1,
        "content_type": 7,
        "object_id": "3",
        "object_repr": "three",
        "action_flag": 1,
        "change_message": "[{\"added\": {}}]"
    }
},
{
    "model": "admin.logentry",
    "pk": 4,
    "fields": {
        "action_time": "2023-10-20T21:44:41.476Z",
        "user": 1,
        "content_type": 7,
        "object_id": "4",
        "object_repr": "four",
        "action_flag": 1,
        "change_message": "[{\"added\": {}}]"
    }
},
{
    "model": "admin.logentry",
    "pk": 5,
    "fields": {
        "action_time": "2023-11-04T13:53:47.279Z",
        "user": 1,
        "content_type": 7,
        "object_id": "5",
        "object_repr": "django",
        "action_flag": 2,
        "change_message": "[{\"changed\": {\"fields\": [\"\\u0648\\u0636\\u0639\\u06cc\\u062a\"]}}]"
    }
},
{
    "model": "admin.logentry",
    "pk": 6,
    "fields": {
        "action_time": "2023-11-04T13:53:47.281Z",
        "user": 1,
        "content_type": 7,
        "object_id": "4",
        "object_repr": "four",
        "action_flag": 2,
        "change_message": "[{\"changed\": {\"fields\": [\"\\u0648\\u0636\\u0639\\u06cc\\u062a\"]}}]"
    }
},
{
    "model": "admin.logentry",
    "pk": 7,
    "fields": {
        "action_time": "2023-11-04T13:53:47.282Z",
        "user": 1,
        "content_type": 7,
        "object_id": "1",
        "object_repr": "one",
        "action_flag": 2,
        "change_message": "[{\"changed\": {\"fields\": [\"\\u0648\\u0636\\u0639\\u06cc\\u062a\"]}}]"
    }
},
{
    "model": "admin.logentry",
    "pk": 8,
    "fields": {
        "action_time": "2023-11-05T21:54:17.926Z",
        "user": 1,
        "content_type": 4,
        "object_id": "2",
        "object_repr": "omid",
        "action_flag": 1,
        "change_message": "[{\"added\": {}}]"
    }
},
{
    "model": "admin.logentry",
    "pk": 9,
    "fields": {
        "action_time": "2023-11-05T21:54:57.812Z",
        "user": 1,
        "content_type": 4,
        "object_id": "2",
        "object_repr": "omid",
        "action_flag": 2,
        "change_message": "[]"
    }
},
{
    "model": "admin.logentry",
    "pk": 10,
    "fields": {
        "action_time": "2023-11-05T21:55:18.637Z",
        "user": 1,
        "content_type": 4,
        "object_id": "2",
        "object_repr": "omid",
        "action_flag": 2,
        "change_message": "[{\"changed\": {\"fields\": [\"Staff status\", \"Superuser status\"]}}]"
    }
},
{
    "model": "admin.logentry",
    "pk": 11,
    "fields": {
        "action_time": "2023-11-06T16:23:08.245Z",
        "user": 1,
        "content_type": 9,
        "object_id": "1",
        "object_repr": "omid : django",
        "action_flag": 1,
        "change_message": "[{\"added\": {}}]"
    }
},
{
    "model": "admin.logentry",
    "pk": 12,
    "fields": {
        "action_time": "2023-11-08T21:30:45.898Z",
        "user": 1,
        "content_type": 9,
        "object_id": "2",
        "object_repr": "Elahe : django",
        "action_flag": 2,
        "change_message": "[{\"changed\": {\"fields\": [\"Active\"]}}]"
    }
},
{
    "model": "admin.logentry",
    "pk": 13,
    "fields": {
        "action_time": "2023-11-08T21:30:45.900Z",
        "user": 1,
        "content_type": 9,
        "object_id": "3",
        "object_repr": "Elahe : django",
        "action_flag": 2,
        "change_message": "[{\"changed\": {\"fields\": [\"Active\"]}}]"
    }
},
{
    "model": "admin.logentry",
    "pk": 14,
    "fields": {
        "action_time": "2023-11-08T21:30:45.901Z",
        "user": 1,
        "content_type": 9,
        "object_id": "4",
        "object_repr": "omid : four",
        "action_flag": 2,
        "change_message": "[{\"changed\": {\"fields\": [\"Active\"]}}]"
    }
},
{
    "model": "admin.logentry",
    "pk": 15,
    "fields": {
        "action_time": "2023-11-08T21:30:45.903Z",
        "user": 1,
        "content_type": 9,
        "object_id": "5",
        "object_repr": "omid : four",
        "action_flag": 2,
        "change_message": "[{\"changed\": {\"fields\": [\"Active\"]}}]"
    }
},
{
    "model": "admin.logentry",
    "pk": 16,
    "fields": {
        "action_time": "2023-11-08T21:30:45.905Z",
        "user": 1,
        "content_type": 9,
        "object_id": "6",
        "object_repr": "Elahe : django",
        "action_flag": 2,
        "change_message": "[{\"changed\": {\"fields\": [\"Active\"]}}]"
    }
},
{
    "model": "admin.logentry",
    "pk": 17,
    "fields": {
        "action_time": "2023-11-12T21:44:26.846Z",
        "user": 1,
        "content_type": 7,
        "object_id": "6",
        "object_repr": "markdown post",
        "action_flag": 1,
        "change_message": "[{\"added\": {}}]"
    }
},
{
    "model": "admin.logentry",
    "pk": 18,
    "fields": {
        "action_time": "2023-11-12T21:52:46.700Z",
        "user": 1,
        "content_type": 7,
        "object_id": "6",
        "object_repr": "markdown post",
        "action_flag": 2,
        "change_message": "[{\"changed\": {\"fields\": [\"Description\", \"\\u0632\\u0645\\u0627\\u0646 \\u0645\\u0637\\u0627\\u0644\\u0639\\u0647\"]}}]"
    }
},
{
    "model": "admin.logentry",
    "pk": 19,
    "fields": {
        "action_time": "2023-11-14T10:00:30.502Z",
        "user": 1,
        "content_type": 7,
        "object_id": "6",
        "object_repr": "markdown post",
        "action_flag": 2,
        "change_message": "[{\"changed\": {\"fields\": [\"Description\"]}}]"
    }
},
{
    "model": "admin.logentry",
    "pk": 20,
    "fields": {
        "action_time": "2023-11-14T10:03:52.856Z",
        "user": 1,
        "content_type": 7,
        "object_id": "6",
        "object_repr": "markdown post",
        "action_flag": 2,
        "change_message": "[{\"changed\": {\"fields\": [\"Description\"]}}]"
    }
},
{
    "model": "admin.logentry",
    "pk": 21,
    "fields": {
        "action_time": "2023-11-14T10:04:40.816Z",
        "user": 1,
        "content_type": 7,
        "object_id": "6",
        "object_repr": "markdown post",
        "action_flag": 2,
        "change_message": "[{\"changed\": {\"fields\": [\"Description\"]}}]"
    }
},
{
    "model": "admin.logentry",
    "pk": 22,
    "fields": {
        "action_time": "2023-11-14T10:05:11.517Z",
        "user": 1,
        "content_type": 7,
        "object_id": "6",
        "object_repr": "markdown post",
        "action_flag": 2,
        "change_message": "[{\"changed\": {\"fields\": [\"Description\"]}}]"
    }
},
{
    "model": "admin.logentry",
    "pk": 23,
    "fields": {
        "action_time": "2023-11-18T19:44:53.114Z",
        "user": 1,
        "content_type": 7,
        "object_id": "5",
        "object_repr": "django",
        "action_flag": 2,
        "change_message": "[{\"changed\": {\"fields\": [\"\\u0627\\u0633\\u0644\\u0627\\u06af\", \"\\u0632\\u0645\\u0627\\u0646 \\u0627\\u0646\\u062a\\u0634\\u0627\\u0631\", \"\\u0632\\u0645\\u0627\\u0646 \\u0645\\u0637\\u0627\\u0644\\u0639\\u0647\"]}}]"
    }
},
{
    "model": "admin.logentry",
    "pk": 24,
    "fields": {
        "action_time": "2023-11-18T19:45:04.485Z",
        "user": 1,
        "content_type": 7,
        "object_id": "4",
        "object_repr": "four",
        "action_flag": 2,
        "change_message": "[{\"changed\": {\"fields\": [\"\\u0632\\u0645\\u0627\\u0646 \\u0645\\u0637\\u0627\\u0644\\u0639\\u0647\"]}}]"
    }
},
{
    "model": "admin.logentry",
    "pk": 25,
    "fields": {
        "action_time": "2023-11-18T19:47:21.362Z",
        "user": 1,
        "content_type": 7,
        "object_id": "11",
        "object_repr": "hi",
        "action_flag": 2,
        "change_message": "[{\"changed\": {\"fields\": [\"\\u0627\\u0633\\u0644\\u0627\\u06af\", \"\\u0632\\u0645\\u0627\\u0646 \\u0627\\u0646\\u062a\\u0634\\u0627\\u0631\", \"\\u0632\\u0645\\u0627\\u0646 \\u0645\\u0637\\u0627\\u0644\\u0639\\u0647\"]}}]"
    }
},
{
    "model": "admin.logentry",
    "pk": 26,
    "fields": {
        "action_time": "2023-11-18T19:47:32.643Z",
        "user": 1,
        "content_type": 7,
        "object_id": "6",
        "object_repr": "markdown post",
        "action_flag": 2,
        "change_message": "[{\"changed\": {\"fields\": [\"\\u0632\\u0645\\u0627\\u0646 \\u0645\\u0637\\u0627\\u0644\\u0639\\u0647\"]}}]"
    }
},
{
    "model": "admin.logentry",
    "pk": 27,
    "fields": {
        "action_time": "2023-11-18T19:48:32.515Z",
        "user": 1,
        "content_type": 7,
        "object_id": "10",
        "object_repr": "new",
        "action_flag": 2,
        "change_message": "[{\"changed\": {\"fields\": [\"\\u0627\\u0633\\u0644\\u0627\\u06af\", \"\\u0632\\u0645\\u0627\\u0646 \\u0627\\u0646\\u062a\\u0634\\u0627\\u0631\", \"\\u0632\\u0645\\u0627\\u0646 \\u0645\\u0637\\u0627\\u0644\\u0639\\u0647\"]}}]"
    }
},
{
    "model": "auth.permission",
    "pk": 1,
    "fields": {
        "name": "Can add log entry",
        "content_type": 1,
        "codename": "add_logentry"
    }
},
{
    "model": "auth.permission",
    "pk": 2,
    "fields": {
        "name": "Can change log entry",
        "content_type": 1,
        "codename": "change_logentry"
    }
},
{
    "model": "auth.permission",
    "pk": 3,
    "fields": {
        "name": "Can delete log entry",
        "content_type": 1,
        "codename": "delete_logentry"
    }
},
{
    "model": "auth.permission",
    "pk": 4,
    "fields": {
        "name": "Can view log entry",
        "content_type": 1,
        "codename": "view_logentry"
    }
},
{
    "model": "auth.permission",
    "pk": 5,
    "fields": {
        "name": "Can add permission",
        "content_type": 2,
        "codename": "add_permission"
    }
},
{
    "model": "auth.permission",
    "pk": 6,
    "fields": {
        "name": "Can change permission",
        "content_type": 2,
        "codename": "change_permission"
    }
},
{
    "model": "auth.permission",
    "pk": 7,
    "fields": {
        "name": "Can delete permission",
        "content_type": 2,
        "codename": "delete_permission"
    }
},
{
    "model": "auth.permission",
    "pk": 8,
    "fields": {
        "name": "Can view permission",
        "content_type": 2,
        "codename": "view_permission"
    }
},
{
    "model": "auth.permission",
    "pk": 9,
    "fields": {
        "name": "Can add group",
        "content_type": 3,
        "codename": "add_group"
    }
},
{
    "model": "auth.permission",
    "pk": 10,
    "fields": {
        "name": "Can change group",
        "content_type": 3,
        "codename": "change_group"
    }
},
{
    "model": "auth.permission",
    "pk": 11,
    "fields": {
        "name": "Can delete group",
        "content_type": 3,
        "codename": "delete_group"
    }
},
{
    "model": "auth.permission",
    "pk": 12,
    "fields": {
        "name": "Can view group",
        "content_type": 3,
        "codename": "view_group"
    }
},
{
    "model": "auth.permission",
    "pk": 13,
    "fields": {
        "name": "Can add user",
        "content_type": 4,
        "codename": "add_user"
    }
},
{
    "model": "auth.permission",
    "pk": 14,
    "fields": {
        "name": "Can change user",
        "content_type": 4,
        "codename": "change_user"
    }
},
{
    "model": "auth.permission",
    "pk": 15,
    "fields": {
        "name": "Can delete user",
        "content_type": 4,
        "codename": "delete_user"
    }
},
{
    "model": "auth.permission",
    "pk": 16,
    "fields": {
        "name": "Can view user",
        "content_type": 4,
        "codename": "view_user"
    }
},
{
    "model": "auth.permission",
    "pk": 17,
    "fields": {
        "name": "Can add content type",
        "content_type": 5,
        "codename": "add_contenttype"
    }
},
{
    "model": "auth.permission",
    "pk": 18,
    "fields": {
        "name": "Can change content type",
        "content_type": 5,
        "codename": "change_contenttype"
    }
},
{
    "model": "auth.permission",
    "pk": 19,
    "fields": {
        "name": "Can delete content type",
        "content_type": 5,
        "codename": "delete_contenttype"
    }
},
{
    "model": "auth.permission",
    "pk": 20,
    "fields": {
        "name": "Can view content type",
        "content_type": 5,
        "codename": "view_contenttype"
    }
},
{
    "model": "auth.permission",
    "pk": 21,
    "fields": {
        "name": "Can add session",
        "content_type": 6,
        "codename": "add_session"
    }
},
{
    "model": "auth.permission",
    "pk": 22,
    "fields": {
        "name": "Can change session",
        "content_type": 6,
        "codename": "change_session"
    }
},
{
    "model": "auth.permission",
    "pk": 23,
    "fields": {
        "name": "Can delete session",
        "content_type": 6,
        "codename": "delete_session"
    }
},
{
    "model": "auth.permission",
    "pk": 24,
    "fields": {
        "name": "Can view session",
        "content_type": 6,
        "codename": "view_session"
    }
},
{
    "model": "auth.permission",
    "pk": 25,
    "fields": {
        "name": "Can add post",
        "content_type": 7,
        "codename": "add_post"
    }
},
{
    "model": "auth.permission",
    "pk": 26,
    "fields": {
        "name": "Can change post",
        "content_type": 7,
        "codename": "change_post"
    }
},
{
    "model": "auth.permission",
    "pk": 27,
    "fields": {
        "name": "Can delete post",
        "content_type": 7,
        "codename": "delete_post"
    }
},
{
    "model": "auth.permission",
    "pk": 28,
    "fields": {
        "name": "Can view post",
        "content_type": 7,
        "codename": "view_post"
    }
},
{
    "model": "auth.permission",
    "pk": 29,
    "fields": {
        "name": "Can add تیکت",
        "content_type": 8,
        "codename": "add_ticket"
    }
},
{
    "model": "auth.permission",
    "pk": 30,
    "fields": {
        "name": "Can change تیکت",
        "content_type": 8,
        "codename": "change_ticket"
    }
},
{
    "model": "auth.permission",
    "pk": 31,
    "fields": {
        "name": "Can delete تیکت",
        "content_type": 8,
        "codename": "delete_ticket"
    }
},
{
    "model": "auth.permission",
    "pk": 32,
    "fields": {
        "name": "Can view تیکت",
        "content_type": 8,
        "codename": "view_ticket"
    }
},
{
    "model": "auth.permission",
    "pk": 33,
    "fields": {
        "name": "Can add کامنت",
        "content_type": 9,
        "codename": "add_comment"
    }
},
{
    "model": "auth.permission",
    "pk": 34,
    "fields": {
        "name": "Can change کامنت",
        "content_type": 9,
        "codename": "change_comment"
    }
},
{
    "model": "auth.permission",
    "pk": 35,
    "fields": {
        "name": "Can delete کامنت",
        "content_type": 9,
        "codename": "delete_comment"
    }
},
{
    "model": "auth.permission",
    "pk": 36,
    "fields": {
        "name": "Can view کامنت",
        "content_type": 9,
        "codename": "view_comment"
    }
},
{
    "model": "auth.user",
    "pk": 1,
    "fields": {
        "password": "pbkdf2_sha256$600000$EFbPeztVQoHMKDzVzECEmc$yGbeF1sVoW5B58S5phuVxJ+xgDHP6sk1SK7j5/VnqaI=",
        "last_login": "2023-11-18T19:44:18.624Z",
        "is_superuser": true,
        "username": "elahe",
        "first_name": "",
        "last_name": "",
        "email": "",
        "is_staff": true,
        "is_active": true,
        "date_joined": "2023-10-17T22:27:45.706Z",
        "groups": [],
        "user_permissions": []
    }
},
{
    "model": "auth.user",
    "pk": 2,
    "fields": {
        "password": "pbkdf2_sha256$600000$8OLhqX8ouC7ibTC651ek5d$F+HG8EOWIkxxRhGacSgn+GmzGVhnX6p8TGplc7Ogrh8=",
        "last_login": null,
        "is_superuser": true,
        "username": "omid",
        "first_name": "",
        "last_name": "",
        "email": "",
        "is_staff": true,
        "is_active": true,
        "date_joined": "2023-11-05T21:54:17Z",
        "groups": [],
        "user_permissions": []
    }
},
{
    "model": "contenttypes.contenttype",
    "pk": 1,
    "fields": {
        "app_label": "admin",
        "model": "logentry"
    }
},
{
    "model": "contenttypes.contenttype",
    "pk": 2,
    "fields": {
        "app_label": "auth",
        "model": "permission"
    }
},
{
    "model": "contenttypes.contenttype",
    "pk": 3,
    "fields": {
        "app_label": "auth",
        "model": "group"
    }
},
{
    "model": "contenttypes.contenttype",
    "pk": 4,
    "fields": {
        "app_label": "auth",
        "model": "user"
    }
},
{
    "model": "contenttypes.contenttype",
    "pk": 5,
    "fields": {
        "app_label": "contenttypes",
        "model": "contenttype"
    }
},
{
    "model": "contenttypes.contenttype",
    "pk": 6,
    "fields": {
        "app_label": "sessions",
        "model": "session"
    }
},
{
    "model": "contenttypes.contenttype",
    "pk": 7,
    "fields": {
        "app_label": "blog",
        "model": "post"
    }
},
{
    "model": "contenttypes.contenttype",
    "pk": 8,
    "fields": {
        "app_label": "blog",
        "model": "ticket"
    }
},
{
    "model": "contenttypes.contenttype",
    "pk": 9,
    "fields": {
        "app_label": "blog",
        "model": "comment"
    }
},
{
    "model": "sessions.session",
    "pk": "anqa4dgj7wpm5k5rsmbr895w0vnv9dlk",
    "fields": {
        "session_data": ".eJxVjDsOwjAQBe_iGlmxdxN7KelzBmv9wwHkSHFSIe5OIqWA9s3MewvH21rc1tLipiiuQonL7-Y5PFM9QHxwvc8yzHVdJi8PRZ60yXGO6XU73b-Dwq3sNViTh5CZrIpMgIzYJWDIOhkwSEnpAXXnA3jKPXlDoQe0tLOMwVrx-QLWiTc0:1r4REo:Vmc00_5wHelFeEXuTdLiT2Qe9xuJeMUddLV9N4OhYy4",
        "expire_date": "2023-12-02T19:44:18.625Z"
    }
},
{
    "model": "sessions.session",
    "pk": "clrlo43fps8u7egd94vebjrse95l0tsl",
    "fields": {
        "session_data": ".eJxVjDsOwjAQBe_iGlmxdxN7KelzBmv9wwHkSHFSIe5OIqWA9s3MewvH21rc1tLipiiuQonL7-Y5PFM9QHxwvc8yzHVdJi8PRZ60yXGO6XU73b-Dwq3sNViTh5CZrIpMgIzYJWDIOhkwSEnpAXXnA3jKPXlDoQe0tLOMwVrx-QLWiTc0:1qzH50:pgMg0vvxGijoQE2wIi9Xo8hEcJ244psv7SlyQqa8ReM",
        "expire_date": "2023-11-18T13:52:50.517Z"
    }
},
{
    "model": "sessions.session",
    "pk": "y9v5z4s9msuxy71v9yq8lul3rmj4lwrf",
    "fields": {
        "session_data": ".eJxVjDsOwjAQBe_iGlmxdxN7KelzBmv9wwHkSHFSIe5OIqWA9s3MewvH21rc1tLipiiuQonL7-Y5PFM9QHxwvc8yzHVdJi8PRZ60yXGO6XU73b-Dwq3sNViTh5CZrIpMgIzYJWDIOhkwSEnpAXXnA3jKPXlDoQe0tLOMwVrx-QLWiTc0:1qssXg:_h_6OkUzyEB6SMaAmD_WKaQ_d1OOcYfwx6GEH6GnyLc",
        "expire_date": "2023-10-31T22:28:00.877Z"
    }
},
{
    "model": "blog.post",
    "pk": 1,
    "fields": {
        "status": "PB",
        "author": 1,
        "title": "one",
        "description": "first post",
        "slug": "1",
        "publish": "2023-10-21T01:03:27+03:30",
        "created": "2023-10-21T01:04:12.743+03:30",
        "updated": "2023-11-04T17:23:47.281+03:30",
        "reading_time": 0
    }
},
{
    "model": "blog.post",
    "pk": 2,
    "fields": {
        "status": "PB",
        "author": 1,
        "title": "two",
        "description": "second post",
        "slug": "2",
        "publish": "2023-10-20T21:36:15Z",
        "created": "2023-10-20T21:36:43.254Z",
        "updated": "2023-10-20T21:36:43.254Z",
        "reading_time": 0
    }
},
{
    "model": "blog.post",
    "pk": 3,
    "fields": {
        "status": "PB",
        "author": 1,
        "title": "three",
        "description": "third post",
        "slug": "3",
        "publish": "2023-10-20T21:36:43Z",
        "created": "2023-10-20T21:37:03.745Z",
        "updated": "2023-10-20T21:37:03.745Z",
        "reading_time": 0
    }
},
{
    "model": "blog.post",
    "pk": 4,
    "fields": {
        "status": "PB",
        "author": 1,
        "title": "four",
        "description": "fourth post",
        "slug": "four",
        "publish": "2023-10-21T01:13:55+03:30",
        "created": "2023-10-21T01:14:41.474+03:30",
        "updated": "2023-11-18T23:15:04.483+03:30",
        "reading_time": 7
    }
},
{
    "model": "blog.post",
    "pk": 5,
    "fields": {
        "status": "PB",
        "author": 1,
        "title": "django",
        "description": "framework",
        "slug": "four",
        "publish": "2023-10-21T01:34:49+03:30",
        "created": "2023-10-21T01:35:00.799+03:30",
        "updated": "2023-11-18T23:14:53.112+03:30",
        "reading_time": 5
    }
},
{
    "model": "blog.post",
    "pk": 6,
    "fields": {
        "status": "PB",
        "author": 1,
        "title": "markdown post",
        "description": "#Heading\r\n*Italics*\r\n__Bold__",
        "slug": "markdown-post",
        "publish": "2645-02-02T01:12:39+03:30",
        "created": "2023-11-13T01:14:26.844+03:30",
        "updated": "2023-11-18T23:17:32.641+03:30",
        "reading_time": 6
    }
},
{
    "model": "blog.post",
    "pk": 7,
    "fields": {
        "status": "PB",
        "author": 2,
        "title": "test",
        "description": "test",
        "slug": "",
        "publish": "2023-11-16T13:40:17.061Z",
        "created": "2023-11-16T17:10:17.066+03:30",
        "updated": "2023-11-16T17:10:17.066+03:30",
        "reading_time": 0
    }
},
{
    "model": "blog.post",
    "pk": 8,
    "fields": {
        "status": "PB",
        "author": 2,
        "title": "test",
        "description": "test",
        "slug": "",
        "publish": "2023-11-16T13:41:25.263Z",
        "created": "2023-11-16T17:11:25.267+03:30",
        "updated": "2023-11-16T17:11:25.267+03:30",
        "reading_time": 0
    }
},
{
    "model": "blog.post",
    "pk": 9,
    "fields": {
        "status": "PB",
        "author": 1,
        "title": "new post test",
        "description": ":)",
        "slug": "",
        "publish": "2023-11-16T13:42:11.380Z",
        "created": "2023-11-16T17:12:11.383+03:30",
        "updated": "2023-11-16T17:12:11.383+03:30",
        "reading_time": 0
    }
},
{
    "model": "blog.post",
    "pk": 10,
    "fields": {
        "status": "PB",
        "author": 1,
        "title": "new",
        "description": "1234567890-",
        "slug": "new",
        "publish": "2023-11-16T17:14:54+03:30",
        "created": "2023-11-16T17:14:54.482+03:30",
        "updated": "2023-11-18T23:18:32.513+03:30",
        "reading_time": 10
    }
},
{
    "model": "blog.post",
    "pk": 11,
    "fields": {
        "status": "PB",
        "author": 1,
        "title": "hi",
        "description": "hiiiiiiii",
        "slug": "hi",
        "publish": "2023-11-16T17:16:20+03:30",
        "created": "2023-11-16T17:16:20.589+03:30",
        "updated": "2023-11-18T23:17:21.361+03:30",
        "reading_time": 2
    }
},
{
    "model": "blog.post",
    "pk": 12,
    "fields": {
        "status": "PB",
        "author": 2,
        "title": "t",
        "description": "wfhjkdsefghjkdefghj",
        "slug": "",
        "publish": "2023-11-16T14:57:05.604Z",
        "created": "2023-11-16T18:27:05.608+03:30",
        "updated": "2023-11-16T18:27:05.609+03:30",
        "reading_time": 0
    }
},
{
    "model": "blog.post",
    "pk": 13,
    "fields": {
        "status": "PB",
        "author": 1,
        "title": "sansor",
        "description": "هلو اسب",
        "slug": "blog.Post.title",
        "publish": "2023-11-19T13:26:07.829Z",
        "created": "2023-11-19T16:56:07.833+03:30",
        "updated": "2023-11-19T16:56:07.833+03:30",
        "reading_time": 0
    }
},
{
    "model": "blog.post",
    "pk": 14,
    "fields": {
        "status": "PB",
        "author": 1,
        "title": "sansor",
        "description": "هلو اسب",
        "slug": "blog.Post.title",
        "publish": "2023-11-19T13:26:37.283Z",
        "created": "2023-11-19T16:56:37.287+03:30",
        "updated": "2023-11-19T16:56:37.288+03:30",
        "reading_time": 0
    }
},
{
    "model": "blog.post",
    "pk": 15,
    "fields": {
        "status": "PB",
        "author": 2,
        "title": "sansorr",
        "description": "اسب گاو",
        "slug": "blog.Post.title",
        "publish": "2023-11-19T13:30:42.031Z",
        "created": "2023-11-19T17:00:42.035+03:30",
        "updated": "2023-11-19T17:00:42.035+03:30",
        "reading_time": 0
    }
},
{
    "model": "blog.post",
    "pk": 16,
    "fields": {
        "status": "PB",
        "author": 2,
        "title": "sans",
        "description": "اسب گاو",
        "slug": "blog.Post.title",
        "publish": "2023-11-19T13:35:59.349Z",
        "created": "2023-11-19T17:05:59.354+03:30",
        "updated": "2023-11-19T17:05:59.354+03:30",
        "reading_time": 0
    }
},
{
    "model": "blog.post",
    "pk": 17,
    "fields": {
        "status": "PB",
        "author": 2,
        "title": "sans",
        "description": "اسب گاو",
        "slug": "blog.Post.title",
        "publish": "2023-11-19T14:15:39.098Z",
        "created": "2023-11-19T17:45:39.103+03:30",
        "updated": "2023-11-19T17:45:39.103+03:30",
        "reading_time": 0
    }
},
{
    "model": "blog.post",
    "pk": 18,
    "fields": {
        "status": "PB",
        "author": 1,
        "title": "سانسور",
        "description": "زباله :)",
        "slug": "blog.Post.title",
        "publish": "2023-11-19T18:19:04.397Z",
        "created": "2023-11-19T21:49:04.400+03:30",
        "updated": "2023-11-19T21:49:04.400+03:30",
        "reading_time": 0
    }
},
{
    "model": "blog.ticket",
    "pk": 1,
    "fields": {
        "message": "ticket test",
        "name": "",
        "email": "asheghielahe@gmail.com",
        "phone": "912",
        "subject": "گزارش"
    }
},
{
    "model": "blog.ticket",
    "pk": 2,
    "fields": {
        "message": "test",
        "name": "",
        "email": "omid@gmail.com",
        "phone": "912",
        "subject": "انتقاد"
    }
},
{
    "model": "blog.ticket",
    "pk": 3,
    "fields": {
        "message": "test3",
        "name": "omid",
        "email": "omid@gmail.com",
        "phone": "91200",
        "subject": "گزارش"
    }
},
{
    "model": "blog.ticket",
    "pk": 4,
    "fields": {
        "message": "hi",
        "name": "Elahe",
        "email": "asheghielahe@gmail.com",
        "phone": "rfg",
        "subject": "پیشنهاد"
    }
},
{
    "model": "blog.ticket",
    "pk": 5,
    "fields": {
        "message": "guyuf",
        "name": "Elahe",
        "email": "asheghielahe@gmail.com",
        "phone": "897574",
        "subject": "انتقاد"
    }
},
{
    "model": "blog.ticket",
    "pk": 6,
    "fields": {
        "message": "htdc",
        "name": "omid",
        "email": "omid@gmail.com",
        "phone": "765434",
        "subject": "انتقاد"
    }
},
{
    "model": "blog.comment",
    "pk": 1,
    "fields": {
        "post": 5,
        "name": "omid",
        "body": "first comment",
        "created": "2023-11-06T19:53:08.243+03:30",
        "updated": "2023-11-06T19:53:08.243+03:30",
        "active": true
    }
},
{
    "model": "blog.comment",
    "pk": 2,
    "fields": {
        "post": 5,
        "name": "Elahe",
        "body": "jghfdtg",
        "created": "2023-11-09T00:46:24.904+03:30",
        "updated": "2023-11-09T00:46:24.904+03:30",
        "active": true
    }
},
{
    "model": "blog.comment",
    "pk": 3,
    "fields": {
        "post": 5,
        "name": "Elahe",
        "body": "jghfdtg",
        "created": "2023-11-09T00:46:38.427+03:30",
        "updated": "2023-11-09T00:46:38.427+03:30",
        "active": true
    }
},
{
    "model": "blog.comment",
    "pk": 4,
    "fields": {
        "post": 4,
        "name": "omid",
        "body": "hiiiiii",
        "created": "2023-11-09T00:47:07.170+03:30",
        "updated": "2023-11-09T00:47:07.170+03:30",
        "active": true
    }
},
{
    "model": "blog.comment",
    "pk": 5,
    "fields": {
        "post": 4,
        "name": "omid",
        "body": "hiiiiii",
        "created": "2023-11-09T00:47:28.696+03:30",
        "updated": "2023-11-09T00:47:28.696+03:30",
        "active": true
    }
},
{
    "model": "blog.comment",
    "pk": 6,
    "fields": {
        "post": 5,
        "name": "Elahe",
        "body": "ytgir",
        "created": "2023-11-09T00:58:59.447+03:30",
        "updated": "2023-11-09T00:58:59.447+03:30",
        "active": true
    }
},
{
    "model": "blog.comment",
    "pk": 7,
    "fields": {
        "post": 5,
        "name": "omid",
        "body": "hiiiii",
        "created": "2023-11-09T01:01:20.699+03:30",
        "updated": "2023-11-09T01:01:20.699+03:30",
        "active": false
    }
},
{
    "model": "blog.comment",
    "pk": 8,
    "fields": {
        "post": 4,
        "name": "Elahe",
        "body": "32456789",
        "created": "2023-11-09T01:07:50.820+03:30",
        "updated": "2023-11-09T01:07:50.820+03:30",
        "active": false
    }
},
{
    "model": "blog.comment",
    "pk": 9,
    "fields": {
        "post": 3,
        "name": "Elahe",
        "body": ":)",
        "created": "2023-11-09T01:11:24.710+03:30",
        "updated": "2023-11-09T01:11:24.710+03:30",
        "active": true
    }
},
{
    "model": "blog.comment",
    "pk": 10,
    "fields": {
        "post": 3,
        "name": "omid",
        "body": ":))))",
        "created": "2023-11-09T01:12:25.107+03:30",
        "updated": "2023-11-09T01:12:25.107+03:30",
        "active": true
    }
},
{
    "model": "blog.comment",
    "pk": 11,
    "fields": {
        "post": 2,
        "name": "omid",
        "body": "کامنتتتتتتتت",
        "created": "2023-11-11T16:54:11.299+03:30",
        "updated": "2023-11-11T16:54:11.299+03:30",
        "active": true
    }
},
{
    "model": "blog.comment",
    "pk": 12,
    "fields": {
        "post": 2,
        "name": "Elahe",
        "body": ":)",
        "created": "2023-11-11T16:56:55.648+03:30",
        "updated": "2023-11-11T16:56:55.648+03:30",
        "active": true
    }
},
{
    "model": "blog.comment",
    "pk": 13,
    "fields": {
        "post": 2,
        "name": "4543",
        "body": "test",
        "created": "2023-11-11T17:08:30.790+03:30",
        "updated": "2023-11-11T17:08:30.790+03:30",
        "active": true
    }
},
{
    "model": "blog.comment",
    "pk": 14,
    "fields": {
        "post": 2,
        "name": "Elahe",
        "body": "test",
        "created": "2023-11-11T17:13:23.026+03:30",
        "updated": "2023-11-11T17:13:23.026+03:30",
        "active": true
    }
},
{
    "model": "blog.comment",
    "pk": 15,
    "fields": {
        "post": 4,
        "name": "omid",
        "body": "hi",
        "created": "2023-11-12T12:37:14.515+03:30",
        "updated": "2023-11-12T12:37:14.515+03:30",
        "active": true
    }
},
{
    "model": "blog.comment",
    "pk": 16,
    "fields": {
        "post": 3,
        "name": "omid",
        "body": "...",
        "created": "2023-11-12T12:42:45.414+03:30",
        "updated": "2023-11-12T12:42:45.414+03:30",
        "active": true
    }
},
{
    "model": "blog.comment",
    "pk": 17,
    "fields": {
        "post": 3,
        "name": "Elahe",
        "body": "test",
        "created": "2023-11-12T12:51:08.301+03:30",
        "updated": "2023-11-12T12:51:08.301+03:30",
        "active": true
    }
},
{
    "model": "blog.comment",
    "pk": 18,
    "fields": {
        "post": 3,
        "name": "Elahe",
        "body": "test",
        "created": "2023-11-12T12:59:03.842+03:30",
        "updated": "2023-11-12T12:59:03.842+03:30",
        "active": true
    }
},
{
    "model": "blog.comment",
    "pk": 19,
    "fields": {
        "post": 3,
        "name": "Elahe",
        "body": ":D",
        "created": "2023-11-12T13:19:03.954+03:30",
        "updated": "2023-11-12T13:19:03.954+03:30",
        "active": true
    }
},
{
    "model": "blog.comment",
    "pk": 20,
    "fields": {
        "post": 3,
        "name": "omid",
        "body": ":D",
        "created": "2023-11-12T13:21:12.499+03:30",
        "updated": "2023-11-12T13:21:12.499+03:30",
        "active": true
    }
},
{
    "model": "blog.comment",
    "pk": 21,
    "fields": {
        "post": 3,
        "name": "omid",
        "body": ":D",
        "created": "2023-11-12T13:21:55.176+03:30",
        "updated": "2023-11-12T13:21:55.176+03:30",
        "active": true
    }
},
{
    "model": "blog.comment",
    "pk": 22,
    "fields": {
        "post": 3,
        "name": "omid",
        "body": ":))))))))))))))))",
        "created": "2023-11-12T13:22:25.769+03:30",
        "updated": "2023-11-12T13:22:25.769+03:30",
        "active": true
    }
},
{
    "model": "blog.comment",
    "pk": 23,
    "fields": {
        "post": 3,
        "name": "omid",
        "body": "jghkhug",
        "created": "2023-11-15T17:48:23.097+03:30",
        "updated": "2023-11-15T17:48:23.097+03:30",
        "active": true
    }
}
]
